country,year,forest_area,adjusted_nni,inflation
Armenia,2006,11.64,5853,2.89
Aruba,2006,2.33,2064,3.61
Australia,2006,16.98,576695,3.56
Austria,2006,46.69,281024,1.44
Azerbaijan,2006,12.28,11662,8.33
Bahrain,2006,0.62,12831,2.01
Barbados,2006,14.65,3531,7.31
Belgium,2006,22.48,340914,1.79
Belize,2006,62.19,871,-7.11
Brazil,2006,63.1,939516,4.18
Brunei Darussalam,2006,73.4,7597,0.16
Bulgaria,2006,33.07,28382,7.26
Cabo Verde,2006,10.3,915,5.37
Canada,2006,38.76,1081126,2.0
Chile,2006,22.01,99949,3.39
Colombia,2006,55.5,128138,4.29
Costa Rica,2006,56.12,20670,11.47
Croatia,2006,34.06,41454,3.19
Cyprus,2006,18.65,16656,2.3
Denmark,2006,14.51,234402,1.92
Ecuador,2006,53.59,33634,3.3
El Salvador,2006,31.22,14274,4.04
Estonia,2006,54.19,13917,4.44
Fiji,2006,57.28,2646,2.49
Finland,2006,73.41,180662,1.57
France,2006,29.16,1977609,1.68
Germany,2006,32.65,2532144,1.58
Greece,2006,29.33,228683,3.2
Guatemala,2006,36.56,25442,6.56
Guyana,2006,94.17,2075,6.68
Hungary,2006,22.28,90166,3.93
Ireland,2006,9.93,169189,3.93
Italy,2006,29.64,1650072,2.09
Jamaica,2006,50.18,10319,8.56
Japan,2006,68.4,3569002,0.25
Kazakhstan,2006,1.15,45606,8.72
Kuwait,2006,0.32,97093,3.06
Latvia,2006,53.35,16145,6.54
Lithuania,2006,33.66,25881,3.74
Luxembourg,2006,34.14,30343,2.67
Maldives,2006,2.73,1391,2.74
Mauritius,2006,19.61,6366,8.91
Mexico,2006,34.73,772374,3.63
Mongolia,2006,9.13,2576,5.1
Montenegro,2006,55.51,2471,2.92
Netherlands,2006,10.9,619250,1.1
New Zealand,2006,37.4,87324,3.37
Nicaragua,2006,38.83,5938,9.14
Norway,2006,33.15,267232,2.33
Oman,2006,0.01,21487,3.54
Panama,2006,58.83,15513,2.46
Paraguay,2006,52.7,10724,9.59
Poland,2006,30.1,288947,1.28
Qatar,2006,0.0,38604,11.84
Romania,2006,28.07,95850,6.56
Russian Federation,2006,49.63,763638,9.67
Serbia,2006,29.86,27014,11.72
Seychelles,2006,73.26,902,-0.35
Singapore,2006,25.14,123536,0.96
Slovenia,2006,61.64,31590,2.46
South Africa,2006,14.48,255057,3.24
Spain,2006,36.0,1069849,3.52
Sri Lanka,2006,33.95,26148,10.02
Suriname,2006,98.18,2027,11.28
Sweden,2006,69.01,367288,1.36
Switzerland,2006,30.86,378971,1.06
Thailand,2006,38.45,177065,4.64
Trinidad and Tobago,2006,45.63,12434,8.33
Ukraine,2006,16.45,88413,9.05
United Arab Emirates,2006,4.42,190485,
Uruguay,2006,9.06,17104,6.4
Armenia,2007,11.63,8521,4.41
Aruba,2007,2.33,1955,5.39
Australia,2007,16.95,651611,2.33
Austria,2007,46.72,324032,2.17
Azerbaijan,2007,12.33,17788,16.7
Bahrain,2007,0.63,15623,3.26
Barbados,2007,14.65,3995,4.03
Belgium,2007,22.56,392551,1.82
Belize,2007,61.89,872,2.32
Brazil,2007,62.63,1190702,3.64
Brunei Darussalam,2007,73.07,8927,0.97
Bulgaria,2007,33.41,34810,8.4
Cabo Verde,2007,10.38,1283,4.41
Canada,2007,38.76,1205354,2.14
Chile,2007,22.13,114102,4.41
Colombia,2007,55.33,165614,5.54
Costa Rica,2007,56.15,24641,9.36
Croatia,2007,34.12,49540,2.9
Cyprus,2007,18.67,19742,2.37
Denmark,2007,14.55,261919,1.69
Ecuador,2007,53.31,37017,2.28
El Salvador,2007,31.0,15077,4.58
Estonia,2007,54.42,17829,6.6
Fiji,2007,57.65,2988,4.8
Finland,2007,73.34,212408,2.51
France,2007,29.37,2268684,1.49
Germany,2007,32.67,2888410,2.3
Greece,2007,29.57,263600,2.9
Guatemala,2007,36.1,28480,6.82
Guyana,2007,94.15,2438,12.2
Hungary,2007,22.42,107113,7.96
Ireland,2007,10.06,195248,4.9
Italy,2007,29.86,1855996,1.83
Jamaica,2007,50.53,11046,9.24
Japan,2007,68.42,3561588,0.06
Kazakhstan,2007,1.15,67494,10.85
Kuwait,2007,0.33,107815,5.48
Latvia,2007,53.56,23482,10.09
Lithuania,2007,33.9,33475,5.74
Luxembourg,2007,34.22,39100,2.31
Maldives,2007,2.73,1425,6.79
Mauritius,2007,19.43,7549,8.83
Mexico,2007,34.66,832076,3.97
Mongolia,2007,9.12,3240,9.63
Montenegro,2007,57.0,3338,4.35
Netherlands,2007,10.94,709855,1.61
New Zealand,2007,37.4,106904,2.38
Nicaragua,2007,37.82,6554,11.13
Norway,2007,33.14,311287,0.71
Oman,2007,0.01,24854,5.83
Panama,2007,58.68,18544,4.17
Paraguay,2007,51.84,15024,8.13
Poland,2007,30.19,358471,2.46
Qatar,2007,0.0,51396,13.76
Romania,2007,28.15,137445,4.84
Russian Federation,2007,49.66,1034014,9.01
Serbia,2007,30.15,34753,6.39
Seychelles,2007,73.26,841,5.32
Singapore,2007,25.21,151441,2.1
Slovenia,2007,61.71,38230,3.66
South Africa,2007,14.45,272201,6.18
Spain,2007,36.28,1240907,2.79
Sri Lanka,2007,33.85,30007,15.84
Suriname,2007,98.15,2307,6.43
Sweden,2007,68.98,428693,2.21
Switzerland,2007,30.95,390506,0.73
Thailand,2007,38.66,211552,2.24
Trinidad and Tobago,2007,45.55,15453,7.89
Ukraine,2007,16.46,119872,12.84
United Arab Emirates,2007,4.43,225941,
Uruguay,2007,9.27,20515,8.11
Armenia,2008,11.63,10947,8.95
Aruba,2008,2.33,2343,8.96
Australia,2008,16.92,801289,4.35
Austria,2008,46.75,361829,3.22
Azerbaijan,2008,12.39,27772,20.85
Bahrain,2008,0.64,17470,3.53
Barbados,2008,14.65,4036,8.11
Belgium,2008,22.63,431307,4.49
Belize,2008,61.59,894,6.39
Brazil,2008,62.15,1424245,5.68
Brunei Darussalam,2008,72.75,10345,2.08
Bulgaria,2008,33.74,44756,12.35
Cabo Verde,2008,10.45,1487,6.77
Canada,2008,38.75,1258776,2.37
Chile,2008,22.25,128852,8.72
Colombia,2008,55.15,190747,7.0
Costa Rica,2008,56.18,28501,13.42
Croatia,2008,34.18,57132,6.08
Cyprus,2008,18.68,24202,4.67
Denmark,2008,14.59,286485,3.42
Ecuador,2008,53.02,45376,8.4
El Salvador,2008,30.79,15871,6.71
Estonia,2008,54.65,19330,10.36
Fiji,2008,58.01,3136,7.73
Finland,2008,73.32,233837,4.07
France,2008,29.57,2478369,2.81
Germany,2008,32.69,3119203,2.63
Greece,2008,29.8,290315,4.15
Guatemala,2008,35.65,32816,11.36
Guyana,2008,94.13,2706,8.1
Hungary,2008,22.56,121771,6.04
Ireland,2008,10.2,199321,4.06
Italy,2008,30.08,1983297,3.35
Jamaica,2008,50.87,12004,22.02
Japan,2008,68.44,3897379,1.38
Kazakhstan,2008,1.15,81789,17.14
Kuwait,2008,0.34,130676,10.58
Latvia,2008,53.77,27555,15.4
Lithuania,2008,34.14,40472,10.93
Luxembourg,2008,34.3,40188,3.4
Maldives,2008,2.73,1788,12.04
Mauritius,2008,19.26,9011,9.73
Mexico,2008,34.58,868175,5.12
Mongolia,2008,9.12,4332,27.96
Montenegro,2008,58.5,4120,8.76
Netherlands,2008,10.98,763387,2.49
New Zealand,2008,37.4,101132,3.96
Nicaragua,2008,36.82,7533,19.83
Norway,2008,33.14,348460,3.75
Oman,2008,0.01,35960,12.38
Panama,2008,58.53,22155,8.76
Paraguay,2008,50.98,20923,10.15
Poland,2008,30.28,456785,4.16
Qatar,2008,0.0,72508,15.05
Romania,2008,28.21,175638,7.85
Russian Federation,2008,49.7,1297852,14.11
Serbia,2008,30.44,42278,12.41
Seychelles,2008,73.26,777,36.96
Singapore,2008,25.14,157109,6.63
Slovenia,2008,61.76,44056,5.65
South Africa,2008,14.42,247538,10.07
Spain,2008,36.6,1353872,4.08
Sri Lanka,2008,33.75,37208,22.56
Suriname,2008,98.13,2697,14.67
Sweden,2008,68.96,450832,3.44
Switzerland,2008,31.05,408496,2.43
Thailand,2008,38.87,229858,5.47
Trinidad and Tobago,2008,45.47,20710,12.03
Ukraine,2008,16.47,151015,25.23
United Arab Emirates,2008,4.45,264743,12.25
Uruguay,2008,9.48,26352,7.88
Armenia,2009,11.62,7921,3.41
Aruba,2009,2.33,2159,-2.14
Australia,2009,16.89,723506,1.77
Austria,2009,46.78,329533,0.51
Azerbaijan,2009,12.44,29805,1.46
Bahrain,2009,0.66,15503,2.8
Barbados,2009,14.65,3827,3.64
Belgium,2009,22.71,396222,-0.05
Belize,2009,61.3,972,-1.1
Brazil,2009,61.68,1435917,4.89
Brunei Darussalam,2009,72.43,8226,1.04
Bulgaria,2009,34.09,42878,2.75
Cabo Verde,2009,10.53,1446,0.99
Canada,2009,38.74,1108895,0.3
Chile,2009,22.37,130168,0.35
Colombia,2009,54.98,188129,4.2
Costa Rica,2009,56.2,27920,7.84
Croatia,2009,34.25,49853,2.38
Cyprus,2009,18.69,22789,0.33
Denmark,2009,14.63,262255,1.3
Ecuador,2009,52.74,49752,5.16
El Salvador,2009,30.57,15223,1.06
Estonia,2009,54.88,15554,-0.08
Fiji,2009,58.38,2605,3.13
Finland,2009,73.26,206734,-0.0
France,2009,29.78,2269270,0.09
Germany,2009,32.71,2838910,0.31
Greece,2009,30.04,270481,1.21
Guatemala,2009,35.19,31476,1.86
Guyana,2009,94.1,2814,2.95
Hungary,2009,22.47,101130,4.21
Ireland,2009,10.33,163399,-4.48
Italy,2009,30.31,1808103,0.77
Jamaica,2009,51.22,10459,9.59
Japan,2009,68.47,3984259,-1.35
Kazakhstan,2009,1.14,77663,7.32
Kuwait,2009,0.34,95800,4.61
Latvia,2009,53.98,22036,3.53
Lithuania,2009,34.38,32679,4.45
Luxembourg,2009,34.38,28427,0.37
Maldives,2009,2.73,1880,4.53
Mauritius,2009,19.09,7932,2.52
Mexico,2009,34.51,707462,5.3
Mongolia,2009,9.11,3520,7.62
Montenegro,2009,59.99,3746,3.47
Netherlands,2009,11.03,706612,1.19
New Zealand,2009,37.4,96231,2.12
Nicaragua,2009,35.81,7331,3.69
Norway,2009,33.14,298158,2.2
Oman,2009,0.01,27503,3.47
Panama,2009,58.37,24188,2.41
Paraguay,2009,50.12,18809,2.59
Poland,2009,30.37,373379,3.8
Qatar,2009,0.0,60790,-4.86
Romania,2009,28.25,141745,5.59
Russian Federation,2009,49.74,952753,11.65
Serbia,2009,30.73,37115,8.12
Seychelles,2009,73.26,698,31.75
Singapore,2009,25.24,153551,0.6
Slovenia,2009,61.83,39692,0.84
South Africa,2009,14.39,270884,7.22
Spain,2009,36.9,1241613,-0.29
Sri Lanka,2009,33.65,39095,3.46
Suriname,2009,98.1,3097,-0.13
Sweden,2009,68.94,369524,-0.49
Switzerland,2009,31.15,436784,-0.48
Thailand,2009,39.08,223797,-0.85
Trinidad and Tobago,2009,45.39,13289,6.98
Ukraine,2009,16.47,94170,15.88
United Arab Emirates,2009,4.46,216614,1.56
Uruguay,2009,9.69,27090,7.06
Armenia,2010,11.61,8399,8.18
Aruba,2010,2.33,2007,2.08
Australia,2010,16.86,885868,2.92
Austria,2010,46.82,325822,1.81
Azerbaijan,2010,12.49,35043,5.73
Bahrain,2010,0.68,17057,1.96
Barbados,2010,14.65,3943,5.82
Belgium,2010,22.78,395173,2.19
Belize,2010,61.0,948,0.92
Brazil,2010,61.21,1861236,5.04
Brunei Darussalam,2010,72.11,10274,0.36
Bulgaria,2010,34.42,41563,2.44
Cabo Verde,2010,10.6,1366,2.08
Canada,2010,38.74,1319189,1.78
Chile,2010,22.49,161407,1.41
Colombia,2010,54.81,227566,2.27
Costa Rica,2010,56.23,34264,5.66
Croatia,2010,34.31,47878,1.03
Cyprus,2010,18.71,22242,2.43
Denmark,2010,14.66,266061,2.31
Ecuador,2010,52.46,54659,3.55
El Salvador,2010,30.35,15990,1.18
Estonia,2010,55.11,15124,2.97
Fiji,2010,58.74,2745,3.69
Finland,2010,73.19,204892,1.18
France,2010,29.99,2231200,1.53
Germany,2010,32.73,2844811,1.1
Greece,2010,30.27,240151,4.71
Guatemala,2010,34.74,34166,3.86
Guyana,2010,94.08,2937,3.73
Hungary,2010,22.6,101872,4.86
Ireland,2010,10.46,154171,-0.92
Italy,2010,30.53,1754618,1.53
Jamaica,2010,51.57,11641,12.61
Japan,2010,68.49,4414076,-0.73
Kazakhstan,2010,1.14,93954,7.4
Kuwait,2010,0.35,104832,4.5
Latvia,2010,54.19,18148,-1.08
Lithuania,2010,34.62,31518,1.32
Luxembourg,2010,34.45,32012,2.27
Maldives,2010,2.73,2027,6.15
Mauritius,2010,18.91,8329,2.93
Mexico,2010,34.44,842233,4.16
Mongolia,2010,9.11,5061,10.05
Montenegro,2010,61.49,3661,0.65
Netherlands,2010,11.07,698321,1.28
New Zealand,2010,37.4,115878,2.3
Nicaragua,2010,34.8,7645,5.46
Norway,2010,33.13,334042,2.42
Oman,2010,0.01,29637,3.26
Panama,2010,58.22,25419,3.49
Paraguay,2010,49.26,22925,4.65
Poland,2010,30.46,403250,2.58
Qatar,2010,0.0,79614,-2.43
Romania,2010,28.32,133080,6.09
Russian Federation,2010,49.77,1206864,6.85
Serbia,2010,31.02,33997,6.14
Seychelles,2010,73.26,810,-2.4
Singapore,2010,25.27,205077,2.82
Slovenia,2010,61.9,37864,1.8
South Africa,2010,14.36,340422,4.09
Spain,2010,37.09,1186008,1.8
Sri Lanka,2010,33.55,52613,6.22
Suriname,2010,98.08,2998,6.94
Sweden,2010,68.92,423548,1.16
Switzerland,2010,31.25,499183,0.69
Thailand,2010,39.29,270540,3.25
Trinidad and Tobago,2010,45.3,15367,10.55
Ukraine,2010,16.48,113053,9.37
United Arab Emirates,2010,4.47,261133,0.88
Uruguay,2010,9.89,34220,6.7
Armenia,2011,11.6,9081,7.65
Aruba,2011,2.33,2035,4.32
Australia,2011,16.96,1078030,3.3
Austria,2011,46.86,357567,3.29
Azerbaijan,2011,12.6,42951,7.86
Bahrain,2011,0.7,15953,-0.4
Barbados,2011,14.65,3852,9.43
Belgium,2011,22.78,421483,3.53
Belize,2011,60.49,1028,1.6
Brazil,2011,61.02,2210996,6.64
Brunei Darussalam,2011,72.11,12513,0.14
Bulgaria,2011,34.6,47090,4.22
Cabo Verde,2011,10.67,1544,4.47
Canada,2011,38.73,1463521,2.91
Chile,2011,22.73,189257,3.34
Colombia,2011,54.69,258085,3.42
Costa Rica,2011,56.55,38829,4.88
Croatia,2011,34.31,50281,2.27
Cyprus,2011,18.7,24932,3.29
Denmark,2011,14.85,285373,2.76
Ecuador,2011,52.29,61537,4.47
El Salvador,2011,30.13,17767,5.13
Estonia,2011,55.51,18231,4.98
Fiji,2011,59.11,3169,7.28
Finland,2011,73.3,224704,3.42
France,2011,30.14,2429482,2.11
Germany,2011,32.74,3172475,2.08
Greece,2011,30.27,224931,3.33
Guatemala,2011,34.48,39195,6.21
Guyana,2011,94.02,3104,4.98
Hungary,2011,22.64,108995,3.93
Ireland,2011,10.56,160641,2.56
Italy,2011,30.71,1882296,2.78
Jamaica,2011,51.92,12760,7.56
Japan,2011,68.48,4781011,-0.27
Kazakhstan,2011,1.16,118711,8.42
Kuwait,2011,0.35,132729,4.84
Latvia,2011,54.25,20540,4.37
Lithuania,2011,34.68,36443,4.13
Luxembourg,2011,34.45,35639,3.41
Maldives,2011,2.73,2217,11.27
Mauritius,2011,19.21,9404,6.52
Mexico,2011,34.37,912029,3.41
Mongolia,2011,9.11,7157,8.41
Montenegro,2011,61.49,4091,3.45
Netherlands,2011,11.02,756855,2.34
New Zealand,2011,37.4,135359,4.03
Nicaragua,2011,34.34,8457,8.08
Norway,2011,33.16,380459,1.28
Oman,2011,0.01,30470,4.04
Panama,2011,58.07,30812,5.88
Paraguay,2011,48.22,28975,8.25
Poland,2011,30.52,443423,4.24
Qatar,2011,0.0,106789,1.14
Romania,2011,28.64,144053,5.79
Russian Federation,2011,49.77,1613926,8.44
Serbia,2011,31.03,39160,11.14
Seychelles,2011,73.26,818,2.56
Singapore,2011,24.84,232999,5.25
Slovenia,2011,61.91,40408,1.8
South Africa,2011,14.33,371402,5.0
Spain,2011,37.1,1220779,3.2
Sri Lanka,2011,33.63,60381,6.72
Suriname,2011,98.01,2529,17.71
Sweden,2011,68.87,488403,2.96
Switzerland,2011,31.34,565599,0.23
Thailand,2011,39.29,296317,3.81
Trinidad and Tobago,2011,45.22,15760,5.11
Ukraine,2011,16.52,134598,7.96
United Arab Emirates,2011,4.47,309296,0.88
Uruguay,2011,10.11,40537,8.09
Armenia,2012,11.6,9593,2.56
Aruba,2012,2.33,2161,0.63
Australia,2012,17.05,1213570,1.76
Austria,2012,46.9,337237,2.49
Azerbaijan,2012,12.71,48246,1.07
Bahrain,2012,0.72,21201,2.76
Barbados,2012,14.65,3936,4.53
Belgium,2012,22.78,410892,2.84
Belize,2012,59.97,1090,1.3
Brazil,2012,60.84,2090689,5.4
Brunei Darussalam,2012,72.11,13399,0.11
Bulgaria,2012,34.78,45606,2.95
Cabo Verde,2012,10.75,1451,2.54
Canada,2012,38.73,1496181,1.52
Chile,2012,22.96,208308,3.01
Colombia,2012,54.56,289205,3.17
Costa Rica,2012,56.87,43147,4.5
Croatia,2012,34.32,45644,3.41
Cyprus,2012,18.7,21666,2.39
Denmark,2012,15.04,272950,2.4
Ecuador,2012,52.12,69294,5.1
El Salvador,2012,29.92,18257,1.73
Estonia,2012,55.91,18368,3.93
Fiji,2012,59.47,3312,3.42
Finland,2012,73.41,210236,2.81
France,2012,30.29,2256566,1.95
Germany,2012,32.75,2970345,2.01
Greece,2012,30.27,199960,1.5
Guatemala,2012,34.23,42101,3.78
Guyana,2012,93.96,3453,2.39
Hungary,2012,22.67,98921,5.65
Ireland,2012,10.66,149198,1.7
Italy,2012,30.89,1695339,3.04
Jamaica,2012,52.27,13429,6.87
Japan,2012,68.47,4838844,-0.04
Kazakhstan,2012,1.18,133797,5.1
Kuwait,2012,0.35,149880,3.26
Latvia,2012,54.31,20979,2.26
Lithuania,2012,34.73,35886,3.09
Luxembourg,2012,34.45,39040,2.66
Maldives,2012,2.73,2341,10.88
Mauritius,2012,19.21,10058,3.85
Mexico,2012,34.31,928219,4.11
Mongolia,2012,9.11,9376,14.33
Montenegro,2012,61.49,3747,4.15
Netherlands,2012,10.97,702196,2.46
New Zealand,2012,37.4,142352,1.06
Nicaragua,2012,33.87,9009,7.19
Norway,2012,33.18,391753,0.7
Oman,2012,0.01,36663,2.95
Panama,2012,57.91,35562,5.7
Paraguay,2012,47.17,28068,3.68
Poland,2012,30.58,422404,3.56
Qatar,2012,0.0,121031,2.32
Romania,2012,28.99,133877,3.33
Russian Federation,2012,49.77,1736743,5.07
Serbia,2012,31.05,32360,7.33
Seychelles,2012,73.26,874,7.11
Singapore,2012,24.41,242025,4.58
Slovenia,2012,61.92,35960,2.6
South Africa,2012,14.3,354882,5.72
Spain,2012,37.08,1098863,2.45
Sri Lanka,2012,33.71,62718,7.54
Suriname,2012,97.95,3011,5.01
Sweden,2012,68.83,470596,0.89
Switzerland,2012,31.42,553743,-0.69
Thailand,2012,39.28,306613,3.01
Trinidad and Tobago,2012,45.14,15899,9.26
Ukraine,2012,16.56,155186,0.57
United Arab Emirates,2012,4.47,329707,0.66
Uruguay,2012,10.32,40652,8.1
Armenia,2013,11.59,10305,5.79
Aruba,2013,2.33,2281,-2.37
Australia,2013,17.14,1245098,2.45
Austria,2013,46.95,353223,2.0
Azerbaijan,2013,12.82,52656,2.42
Bahrain,2013,0.74,21987,3.3
Barbados,2013,14.65,3992,1.81
Belgium,2013,22.77,432083,1.11
Belize,2013,59.46,1159,0.51
Brazil,2013,60.66,2134581,6.2
Brunei Darussalam,2013,72.11,13590,0.39
Bulgaria,2013,34.95,46652,0.89
Cabo Verde,2013,10.82,1558,1.51
Canada,2013,38.73,1510718,0.94
Chile,2013,23.2,217816,1.79
Colombia,2013,54.44,301031,2.02
Costa Rica,2013,57.19,46371,5.23
Croatia,2013,34.33,48108,2.22
Cyprus,2013,18.7,20374,-0.4
Denmark,2013,15.24,290823,0.79
Ecuador,2013,51.95,76065,2.72
El Salvador,2013,29.7,18427,0.76
Estonia,2013,54.91,20361,2.78
Fiji,2013,59.84,3617,2.91
Finland,2013,73.52,219654,1.48
France,2013,30.44,2363343,0.86
Germany,2013,32.72,3141430,1.5
Greece,2013,30.27,195757,-0.92
Guatemala,2013,33.97,44831,4.34
Guyana,2013,93.9,3613,1.9
Hungary,2013,22.7,107329,1.73
Ireland,2013,10.76,165356,0.51
Italy,2013,31.08,1745292,1.22
Jamaica,2013,52.62,12786,9.34
Japan,2013,68.46,4066871,0.34
Kazakhstan,2013,1.19,161754,5.85
Kuwait,2013,0.35,153525,2.68
Latvia,2013,54.38,22750,-0.03
Lithuania,2013,34.79,39306,1.05
Luxembourg,2013,34.45,39330,1.73
Maldives,2013,2.73,2629,3.81
Mauritius,2013,19.2,11049,3.54
Mexico,2013,34.25,983213,3.81
Mongolia,2013,9.11,10040,10.49
Montenegro,2013,61.49,4126,2.21
Netherlands,2013,10.93,730501,2.51
New Zealand,2013,37.4,155412,1.13
Nicaragua,2013,33.4,9316,7.14
Norway,2013,33.21,408460,2.12
Oman,2013,0.01,39164,1.05
Panama,2013,57.76,40227,4.03
Paraguay,2013,46.13,33321,2.68
Poland,2013,30.64,441416,0.99
Qatar,2013,0.0,133736,3.22
Romania,2013,29.33,150491,3.98
Russian Federation,2013,49.77,1793853,6.75
Serbia,2013,31.06,35764,7.69
Seychelles,2013,73.26,1104,4.34
Singapore,2013,24.02,247989,2.36
Slovenia,2013,61.95,37448,1.77
South Africa,2013,14.27,325433,5.78
Spain,2013,37.08,1134673,1.41
Sri Lanka,2013,33.79,67383,6.91
Suriname,2013,97.89,3508,1.92
Sweden,2013,68.78,500123,-0.04
Switzerland,2013,31.51,568468,-0.22
Thailand,2013,39.28,316590,2.18
Trinidad and Tobago,2013,45.06,18456,5.2
Ukraine,2013,16.59,160446,-0.24
United Arab Emirates,2013,4.47,349215,1.1
Uruguay,2013,10.54,46594,8.58
Armenia,2014,11.58,10623,2.98
Aruba,2014,2.33,2400,0.42
Australia,2014,17.23,1142430,2.49
Austria,2014,46.99,362883,1.61
Azerbaijan,2014,12.93,57585,1.37
Bahrain,2014,0.76,22810,2.65
Barbados,2014,14.65,4008,1.77
Belgium,2014,22.77,442744,0.34
Belize,2014,58.95,1231,1.2
Brazil,2014,60.47,2110205,6.33
Brunei Darussalam,2014,72.11,13266,-0.21
Bulgaria,2014,35.13,47989,-1.42
Cabo Verde,2014,10.9,1544,-0.24
Canada,2014,38.72,1478416,1.91
Chile,2014,23.43,209608,4.72
Colombia,2014,54.32,305891,2.9
Costa Rica,2014,57.51,47157,4.52
Croatia,2014,34.34,47632,-0.22
Cyprus,2014,18.69,19319,-1.35
Denmark,2014,15.43,303434,0.56
Ecuador,2014,51.78,80912,3.59
El Salvador,2014,29.48,18855,1.14
Estonia,2014,55.3,21625,-0.11
Fiji,2014,60.2,3984,0.52
Finland,2014,73.63,224407,1.04
France,2014,30.6,2395994,0.51
Germany,2014,32.72,3262742,0.91
Greece,2014,30.27,196147,-1.31
Guatemala,2014,33.72,48819,3.42
Guyana,2014,93.84,3664,0.85
Hungary,2014,22.55,110708,-0.23
Ireland,2014,10.86,179235,0.18
Italy,2014,31.26,1764618,0.24
Jamaica,2014,52.97,12486,8.27
Japan,2014,68.45,3827730,2.76
Kazakhstan,2014,1.21,154142,6.71
Kuwait,2014,0.35,147962,2.91
Latvia,2014,54.44,23790,0.62
Lithuania,2014,34.85,41542,0.1
Luxembourg,2014,34.45,42134,0.63
Maldives,2014,2.73,3004,2.12
Mauritius,2014,19.19,11784,3.22
Mexico,2014,34.18,1027050,4.02
Mongolia,2014,9.11,9342,12.25
Montenegro,2014,61.49,4216,-0.71
Netherlands,2014,10.88,732107,0.98
New Zealand,2014,37.4,163926,1.23
Nicaragua,2014,32.94,10286,6.04
Norway,2014,33.23,399618,2.04
Oman,2014,0.01,42106,1.02
Panama,2014,57.78,42887,2.63
Paraguay,2014,45.09,35363,5.03
Poland,2014,30.71,458077,0.05
Qatar,2014,0.0,144556,3.35
Romania,2014,29.66,160067,1.07
Russian Federation,2014,49.76,1606365,7.82
Serbia,2014,31.08,33887,2.08
Seychelles,2014,73.26,1097,1.39
Singapore,2014,23.59,259777,1.03
Slovenia,2014,61.96,39020,0.2
South Africa,2014,14.24,312060,6.13
Spain,2014,37.08,1141484,-0.15
Sri Lanka,2014,33.87,71684,3.18
Suriname,2014,97.83,3919,3.38
Sweden,2014,68.74,495339,-0.18
Switzerland,2014,31.6,572291,-0.01
Thailand,2014,39.27,309618,1.9
Trinidad and Tobago,2014,44.97,20546,5.68
Ukraine,2014,16.63,113855,12.07
United Arab Emirates,2014,4.47,362440,2.35
Uruguay,2014,10.75,45543,8.88
Armenia,2015,11.57,9467,3.73
Aruba,2015,2.33,2522,0.47
Australia,2015,17.32,1054276,1.51
Austria,2015,47.03,309295,0.9
Azerbaijan,2015,13.04,43042,4.03
Bahrain,2015,0.77,23705,1.85
Barbados,2015,14.65,4016,-1.11
Belgium,2015,22.76,381307,0.56
Belize,2015,58.43,1350,-0.86
Brazil,2015,60.29,1563367,9.03
Brunei Darussalam,2015,72.11,10926,-0.49
Bulgaria,2015,35.31,41775,-0.1
Cabo Verde,2015,10.97,1342,0.13
Canada,2015,38.72,1259385,1.13
Chile,2015,23.67,201859,4.35
Colombia,2015,54.2,245688,4.99
Costa Rica,2015,57.83,51114,0.8
Croatia,2015,34.34,41918,-0.46
Cyprus,2015,18.69,17036,-2.1
Denmark,2015,15.62,260236,0.45
Ecuador,2015,51.62,80339,3.97
El Salvador,2015,29.27,19475,-0.73
Estonia,2015,55.69,18681,-0.49
Fiji,2015,60.57,3760,1.37
Finland,2015,73.74,192618,-0.21
France,2015,30.75,2054909,0.04
Germany,2015,32.73,2826440,0.51
Greece,2015,30.27,162220,-1.74
Guatemala,2015,33.46,53182,2.39
Guyana,2015,93.78,3884,-1.0
Hungary,2015,22.58,98116,-0.06
Ireland,2015,10.95,161050,-0.29
Italy,2015,31.44,1485470,0.04
Jamaica,2015,53.32,12617,3.69
Japan,2015,68.43,3502202,0.8
Kazakhstan,2015,1.23,141933,6.67
Kuwait,2015,0.35,105812,3.27
Latvia,2015,54.5,20673,0.17
Lithuania,2015,34.91,34387,-0.88
Luxembourg,2015,34.45,31731,0.47
Maldives,2015,2.73,3379,0.95
Mauritius,2015,19.18,10936,1.29
Mexico,2015,34.12,929231,2.72
Mongolia,2015,9.1,9094,5.74
Montenegro,2015,61.49,3758,1.55
Netherlands,2015,10.84,635223,0.6
New Zealand,2015,37.4,145954,0.29
Nicaragua,2015,32.47,11060,4.0
Norway,2015,33.25,316615,2.17
Oman,2015,0.01,44665,0.07
Panama,2015,57.62,47451,0.14
Paraguay,2015,44.04,31829,3.13
Poland,2015,30.77,403951,-0.87
Qatar,2015,0.0,122590,1.81
Romania,2015,29.99,142843,-0.59
Russian Federation,2015,49.76,1086804,15.53
Serbia,2015,31.09,32536,1.39
Seychelles,2015,73.26,1121,4.04
Singapore,2015,23.23,240438,-0.52
Slovenia,2015,61.96,32798,-0.53
South Africa,2015,14.21,287459,4.54
Spain,2015,37.13,1002036,-0.5
Sri Lanka,2015,34.4,72900,3.77
Suriname,2015,97.77,4227,6.89
Sweden,2015,68.69,424945,-0.05
Switzerland,2015,31.69,556361,-1.14
Thailand,2015,39.27,306673,-0.9
Trinidad and Tobago,2015,44.89,20657,4.66
Ukraine,2015,16.67,82882,48.7
United Arab Emirates,2015,4.47,330345,4.07
Uruguay,2015,10.97,43239,8.67
Armenia,2016,11.57,9301,-1.4
Aruba,2016,2.33,2529,-0.93
Australia,2016,17.43,944782,1.28
Austria,2016,47.08,325130,0.89
Azerbaijan,2016,13.15,29455,12.44
Bahrain,2016,0.8,25655,2.79
Barbados,2016,14.65,4104,1.28
Belgium,2016,22.76,390682,1.97
Belize,2016,57.94,1389,0.66
Brazil,2016,60.07,1557752,8.74
Brunei Darussalam,2016,72.11,10191,-0.28
Bulgaria,2016,35.38,44464,-0.8
Cabo Verde,2016,11.05,1401,-1.41
Canada,2016,38.71,1239651,1.43
Chile,2016,23.83,201499,3.79
Colombia,2016,54.04,239555,7.51
Costa Rica,2016,58.16,53321,-0.02
Croatia,2016,34.38,42607,-1.13
Cyprus,2016,18.68,17486,-1.43
Denmark,2016,15.62,268192,0.25
Ecuador,2016,51.36,79911,1.73
El Salvador,2016,29.05,19884,0.6
Estonia,2016,55.7,19790,0.15
Fiji,2016,60.94,4015,3.86
Finland,2016,73.74,196815,0.36
France,2016,30.9,2077290,0.18
Germany,2016,32.69,2930918,0.49
Greece,2016,30.27,160417,-0.83
Guatemala,2016,33.35,55941,4.45
Guyana,2016,93.74,3785,0.84
Hungary,2016,22.56,103502,0.39
Ireland,2016,11.07,172430,0.01
Italy,2016,31.62,1546098,-0.09
Jamaica,2016,53.68,12374,2.35
Japan,2016,68.42,3912245,-0.13
Kazakhstan,2016,1.24,102265,14.55
Kuwait,2016,0.35,102257,3.2
Latvia,2016,54.56,21590,0.14
Lithuania,2016,34.96,35753,0.91
Luxembourg,2016,34.45,34002,0.29
Maldives,2016,2.73,3594,0.5
Mauritius,2016,19.17,11567,0.98
Mexico,2016,34.06,851281,2.82
Mongolia,2016,9.1,8704,0.73
Montenegro,2016,61.49,3986,-0.27
Netherlands,2016,10.86,640008,0.32
New Zealand,2016,37.4,155975,0.65
Nicaragua,2016,31.64,11386,3.52
Norway,2016,33.27,304761,3.55
Oman,2016,0.01,44744,1.11
Panama,2016,57.47,50141,0.74
Paraguay,2016,43.63,31775,4.09
Poland,2016,30.81,397339,-0.66
Qatar,2016,0.0,118836,2.68
Romania,2016,30.12,151223,-1.54
Russian Federation,2016,49.77,1010782,7.04
Serbia,2016,31.1,33036,1.12
Seychelles,2016,73.26,1139,-1.02
Singapore,2016,22.97,250468,-0.53
Slovenia,2016,61.86,34548,-0.05
South Africa,2016,14.18,264514,6.57
Spain,2016,37.14,1049259,-0.2
Sri Lanka,2016,34.34,74446,3.96
Suriname,2016,97.69,2327,55.41
Sweden,2016,68.69,433090,0.98
Switzerland,2016,31.77,540008,-0.43
Thailand,2016,39.18,319281,0.19
Trinidad and Tobago,2016,44.81,18290,3.07
Ukraine,2016,16.68,81530,13.91
United Arab Emirates,2016,4.47,332107,1.62
Uruguay,2016,11.12,46077,9.64
